Band gap,j_twist_angle,j_num_atoms,j_max_strain,j_interlayer_distance,mono_name1,mono_name2,mat_name,l_a,l_b,l_c,l_alpha,l_beta,l_gamma
0.018,7.763,105,0.967,5.305,2C-1,1ZnI2-1,1Zn11I22C72-1,13.061955588684702,14.9960861881598,21.268043495312167,90.0,90.0,104.46415160408773
1.122,6.588,93,0.494,6.701,1MoS2-1,1AsBrTe-1,1As12Br12Te12Mo19S38-1,13.777336236877671,13.777451484874604,24.460037397354142,90.0,90.0,119.99963854009874
0.456,6.591,93,0.705,6.625,1WS2-1,1AsBrTe-1,1As12Br12Te12W19S38-1,13.806342103130856,13.806357654002086,24.476632568924984,90.0,90.0,119.99991003919648
1.024,6.588,93,0.447,6.526,1MoS2-1,1ClSbSe-1,1Cl12Sb12Se12Mo19S38-1,13.820060222867806,13.820058241222146,24.39672007349828,90.0,90.0,119.99949144247657
0.238,6.586,93,0.252,6.521,1WS2-1,1ClSbSe-1,1Cl12Sb12Se12W19S38-1,13.847259075697185,13.84727340763507,24.41331524506912,90.0,90.0,119.99970524909065
0.086,6.589,93,0.533,6.663,1MoSe2-1,1ClSbTe-1,1Cl12Sb12Te12Mo19Se38-1,14.390158439042382,14.39039888516784,24.68123399553508,90.0,90.0,119.99934820416043
0.0,6.591,93,0.605,6.672,1WSe2-1,1ClSbTe-1,1Cl12Sb12Te12W19Se38-1,14.379704306819095,14.379700470610155,24.705102979756283,90.0,90.0,119.99995178499762
0.403,21.055,98,0.558,5.027,1BN-1,1ClSbSe-1,1Cl12Sb12Se12B31N31-1,13.959569759442887,13.959584958481768,21.262202980098785,90.0,90.0,119.9997459433466
0.867,16.102,100,0.053,7.187,2HSi-1,2InSe-1,2In12Se12H13Si13-1,14.012812032859511,14.012812034877669,27.08528599729044,90.0,90.0,120.00000709446306
1.309,16.102,75,0.152,6.608,1MoSe2-1,1WS2-1,1Mo12W13Se24S26-1,11.432209091713105,11.432205948935268,24.499084260833012,90.0,90.0,120.0000303720122
0.757,16.101,75,0.956,6.593,1MoTe2-1,1PtSe2-1,1Pt12Mo13Se24Te26-1,12.791153220576327,12.792255224645057,24.27829485728198,90.0,90.0,119.99060754622505
0.448,16.102,75,0.898,6.6,1WTe2-1,1PtSe2-1,1Pt12W13Se24Te26-1,12.781989008851642,12.782556268492682,24.29695443463684,90.0,90.0,119.99846609203236
0.658,16.102,75,0.039,6.627,1MoS2-1,1WSe2-1,1W12Mo13Se24S26-1,11.410614827068704,11.410613592890519,24.50635807348338,90.0,90.0,119.99997168365583
1.662,6.587,74,0.178,5.018,1BN-1,1MoS2-1,1Mo12B19N19S24-1,10.947695777468166,10.947765351660522,21.134517093399495,90.0,90.0,119.99962453265243
1.641,6.587,74,0.349,5.032,1BN-1,1WS2-1,1W12B19N19S24-1,10.957929797369882,10.957935769642235,21.151112264970337,90.0,90.0,119.99992978600639
1.642,6.588,93,0.356,6.559,1MoS2-1,1CdBr2-1,1Cd12Mo19Br24S38-1,13.814843895711995,13.814850831161085,24.31906545451688,90.0,90.0,119.99944133466504
1.624,6.587,93,0.155,6.572,1WS2-1,1CdBr2-1,1Cd12W19Br24S38-1,13.842758979043714,13.842817772365903,24.335660626087723,90.0,90.0,119.99981346396167
1.368,6.588,93,0.359,7.018,1MoSe2-1,1MgI2-1,1Mg12Mo19I24Se38-1,14.379252900251037,14.379325317012839,24.72073016639783,90.0,90.0,119.99869683315987
1.293,6.589,93,0.428,7.038,1WSe2-1,1MgI2-1,1Mg12W19I24Se38-1,14.369254112343288,14.369417850059445,24.744599150619035,90.0,90.0,119.99848399346229
0.0,6.59,93,0.905,6.259,1MoTe2-1,1WO2-1,1Mo12W19Te24O38-1,12.284231734831584,12.285063339461708,24.102126141541984,90.0,90.0,119.99644783336808
0.0,6.586,93,0.183,7.128,1MoTe2-1,1PbBr2-1,1Pb12Mo19Br24Te38-1,15.329753089313547,15.3298497565437,25.015656438354394,90.0,90.0,119.99925633617056
0.0,6.587,93,0.21,7.131,1WTe2-1,1PbBr2-1,1Pb12W19Br24Te38-1,15.325514402654452,15.325522552409124,25.034316015709255,90.0,90.0,119.99982606014544
1.919,21.053,98,0.678,5.101,1BN-1,1CdBr2-1,1Cd12Br24B31N31-1,13.957992427442784,13.957990784195195,21.184548361117383,90.0,90.0,119.99998769202487
0.263,16.101,74,0.791,4.133,2C-1,2CH-1,2H12C25-1,8.850811242480777,8.851252908345154,20.679300248679944,90.0,90.0,119.99503552515228
0.266,3.005,102,0.375,6.863,1MoSe2-1,1BrSbTe-1,1Br13Sb13Te13Mo21Se42-1,15.119817028727235,15.119953266366108,24.87016655499893,90.0,90.0,119.9985514559858
0.007,3.005,102,0.444,6.879,1WSe2-1,1BrSbTe-1,1Br13Sb13Te13W21Se42-1,15.109386984851964,15.109520362496017,24.89403553922014,90.0,90.0,119.99848913802195
0.018,16.102,87,0.009,5.994,2HSi-1,1AsClSe-1,1As13Cl13Se13H24Si24-1,13.471464917686054,13.471464917825461,24.82649485787539,90.0,90.0,120.00000000109956
1.597,4.955,101,0.729,5.214,1BN-1,1AsClTe-1,1As13Cl13Te13B31N31-1,13.988109922013393,13.988116768957745,21.16828574941818,90.0,90.0,119.99987450902147
0.524,5.208,151,0.337,5.63,2CH-1,1AsClSe-1,1As13Cl13Se13C56H56-1,13.427319356066953,13.42739346333015,23.776341735909938,90.0,90.0,119.9984038092104
0.0,11.39,113,0.339,5.051,2C-1,1ClSbTe-1,1Cl13Sb13Te13C74-1,15.007115707944813,15.007122986914846,21.333262031925862,90.0,90.0,119.99984394203453
0.896,13.898,87,0.147,7.17,1MoTe2-1,1AsClTe-1,1As13Cl13Mo16Te45-1,14.07027495232533,14.070360927829558,24.793230897824422,90.0,90.0,119.99915156819382
0.567,13.898,87,0.173,7.175,1WTe2-1,1AsClTe-1,1As13Cl13W16Te45-1,14.066616418705149,14.066627353273635,24.811890475179283,90.0,90.0,119.99982597953353
0.746,16.103,87,0.529,8.189,2InTe-1,1BrSbTe-1,1Br13Sb13In24Te37-1,15.09626184493559,15.096275884392387,27.07108882562102,90.0,90.0,119.99988009782646
0.152,16.102,87,0.074,7.889,2InTe-1,1ClSbTe-1,1Cl13Sb13In24Te37-1,15.047037624847466,15.047043131004282,26.88215626615716,90.0,90.0,119.9999879022349
0.813,16.102,160,0.317,6.41,2CH-1,2GaS-2,2Ga13S13C27H27-1,13.154942017659057,13.155180485004246,25.31812784825069,90.0,90.0,119.9981528515528
0.851,16.102,160,0.499,6.414,2CH-1,2GaS-1,2Ga13S13C27H27-2,13.142023656541635,13.142469477156629,25.331045445322125,90.0,90.0,119.9958018322144
0.251,5.208,108,0.394,5.791,2C-1,2GaS-2,2Ga13S13C28-1,13.062451098671849,13.062455451846525,22.638827664077663,90.0,90.0,119.99965787753153
0.259,4.949,114,0.178,5.926,2C-1,2GaSe-2,2Ga13Se13C31-1,13.736053784239209,13.736070681166057,22.78485219273297,90.0,90.0,119.99983704408697
0.345,13.896,103,0.208,6.985,2ClPt-1,1ClSbSe-1,1Sb13Se13Pt32Cl45-1,14.41899635452301,14.420042880442214,25.485291717988915,90.0,90.0,119.99502538494254
0.857,5.208,67,0.443,7.819,1MoS2-1,2InTe-1,1Mo13In14Te14S26-1,11.433041311016042,11.433152364094248,26.683411359884257,90.0,90.0,119.99876630163803
1.148,5.209,67,0.251,7.832,1WS2-1,2InTe-1,1W13In14Te14S26-1,11.455063376036547,11.455064980411583,26.700006531455095,90.0,90.0,119.99995132922278
0.694,13.898,87,0.576,6.834,1MoTe2-1,1CdCl2-1,1Cd13Mo16Cl26Te32-1,14.011878898959969,14.01358442121263,24.526082308905085,90.0,90.0,119.99115371311369
0.358,13.894,87,0.59,6.835,1WTe2-1,1CdCl2-1,1Cd13W16Cl26Te32-1,14.013616742317511,14.014807180699247,24.544741886259946,90.0,90.0,119.98775289070332
0.901,13.898,87,0.125,6.898,1MoTe2-1,1WS2-1,1Mo13W16Te26S32-1,12.68844521882307,12.68846516102204,24.77605741337658,90.0,90.0,119.99939421544697
0.291,13.898,87,0.022,6.897,1MoS2-1,1WTe2-1,1W13Mo16Te26S32-1,12.666525204267122,12.666531631541977,24.7781218191606,90.0,90.0,119.99998101801012
0.72,13.897,116,0.402,8.869,2InTe-1,2InS-1,2Te13S16In29-1,15.586995159988131,15.58709264819529,28.710246209022735,90.0,90.0,119.99949151644917
0.689,13.898,116,0.256,8.869,2InTe-1,2InS-2,2Te13S16In29-2,15.610047676513826,15.6100757990411,28.712787399557353,90.0,90.0,119.99991444393676
1.313,13.898,75,0.03,7.378,1MoS2-1,2GaSe-1,1Mo13Ga18Se18S26-1,11.41165312764311,11.411652207416363,25.945779544655558,90.0,90.0,119.9999032511508
1.268,13.898,75,0.201,7.365,1MoS2-1,2GaSe-2,1Mo13Ga18Se18S26-2,11.426287215478757,11.426458170942496,25.919369253879005,90.0,90.0,119.99926976313328
1.579,13.898,75,0.216,7.382,1WS2-1,2GaSe-1,1W13Ga18Se18S26-1,11.432821188550513,11.432884629671106,25.9623747162264,90.0,90.0,119.99965786909625
1.498,13.898,75,0.018,7.368,1WS2-1,2GaSe-2,1W13Ga18Se18S26-2,11.447280944538274,11.447389914694483,25.935964425449846,90.0,90.0,119.99970692334423
1.626,9.519,96,0.737,6.346,1MoS2-1,1CdCl2-1,1Cd13Mo19Cl26S38-1,13.832340086298116,13.833401097892013,24.03565425389834,90.0,90.0,119.98747729293073
0.957,3.005,102,0.272,7.446,1MoTe2-1,1CaI2-1,1Ca13Mo21I26Te42-1,16.11965637192598,16.119716750192815,25.198830300033823,90.0,90.0,119.99762337006982
0.789,3.004,102,0.303,7.455,1WTe2-1,1CaI2-1,1Ca13W21I26Te42-1,16.114443973494318,16.115086967068724,25.21748987738868,90.0,90.0,119.99824986953362
0.853,3.006,102,0.653,7.467,1MoTe2-1,1SnI2-1,1Sn13Mo21I26Te42-1,16.137644311182502,16.13792403158617,25.375643557545963,90.0,90.0,119.99475480846417
0.504,3.008,102,0.691,7.477,1WTe2-1,1SnI2-1,1Sn13W21I26Te42-1,16.131140593519856,16.131200213615003,25.394303134900817,90.0,90.0,119.99977144174534
0.442,16.098,87,0.947,7.344,1MoTe2-1,2ClPt-1,1Mo13Cl24Pt24Te26-1,12.552461368501044,12.553658088692917,25.848033886296374,90.0,90.0,119.99442280083595
0.824,16.102,87,0.291,7.743,1MoTe2-1,2GaS-2,1Mo13Ga24S24Te26-1,12.636115262806479,12.63611587270986,26.263772780230454,90.0,90.0,119.99952241699191
0.877,16.102,87,0.43,7.752,1MoTe2-1,2GaS-1,1Mo13Ga24S24Te26-2,12.618750236637824,12.618767253306686,26.276690377301883,90.0,90.0,119.99989087569277
0.949,16.102,87,0.215,7.174,1PtSe2-1,2InS-1,1Pt13In24S24Se26-1,13.437398674921265,13.437449414062849,25.814701651413714,90.0,90.0,119.9990927024819
0.932,16.102,87,0.337,7.174,1PtSe2-1,2InS-2,1Pt13In24S24Se26-2,13.438790978014886,13.439044743339771,25.81724284194833,90.0,90.0,119.9986077882258
0.157,16.101,87,0.871,7.346,1WTe2-1,2ClPt-1,1W13Cl24Pt24Te26-1,12.558736803569602,12.55895055399983,25.866693463651234,90.0,90.0,119.99667290497679
0.496,16.102,87,0.278,7.75,1WTe2-1,2GaS-2,1W13Ga24S24Te26-1,12.634387688432739,12.634392505820983,26.282432357585307,90.0,90.0,119.99937639534855
0.551,16.102,87,0.416,7.756,1WTe2-1,2GaS-1,1W13Ga24S24Te26-2,12.617066201091875,12.61706167220676,26.295349954656743,90.0,90.0,119.99990155052741
1.272,11.236,222,0.921,6.946,1WSe2-1,1ZnI2-1,2Zn13W24I26Se48-1,13.180216993012918,34.33125796239421,24.63988444314259,90.0,90.0,95.362500417527
1.033,13.891,89,0.774,5.549,1BN-1,1MoTe2-1,1Mo13B25N25Te26-1,12.574504841926295,12.575170365239769,21.624945148406244,90.0,90.0,119.99820595154571
0.871,13.893,89,0.723,5.553,1BN-1,1WTe2-1,1W13B25N25Te26-1,12.57750714246908,12.577510430694963,21.643604725761104,90.0,90.0,119.99997223052503
0.949,13.888,114,0.812,6.646,1MoS2-1,1PbBr2-1,1Pb13Mo25Br26S50-1,15.854911734552608,15.855311905117539,24.52522838334765,90.0,90.0,119.9990786599135
0.482,13.9,114,0.303,7.167,1MoSe2-1,1PbI2-1,1Pb13Mo25I26Se50-1,16.48851143685806,16.48857553323437,25.14719127541089,90.0,90.0,119.99976069679366
0.594,13.888,114,0.597,6.659,1WS2-1,1PbBr2-1,1Pb13W25Br26S50-1,15.889372503611494,15.889488424347034,24.54182355491849,90.0,90.0,119.99966319233552
0.109,13.901,114,0.371,7.186,1WSe2-1,1PbI2-1,1Pb13W25I26Se50-1,16.477255873820475,16.477264959628336,25.171060259632092,90.0,90.0,119.99990788453717
1.999,11.393,113,0.528,5.368,1BN-1,1GeI2-1,1Ge13I26B37N37-1,15.273365773000222,15.273365303382597,21.516879605939714,90.0,90.0,119.99999804157355
0.0,3.005,81,0.715,5.009,2C-1,1MoS2-1,1Mo13S26C42-1,11.333369756278547,11.333501677322367,21.134517125652955,90.0,90.0,119.99782350963838
0.001,3.002,81,0.885,4.997,2C-1,1WS2-1,1W13S26C42-1,11.343801721599363,11.343965720829873,21.151112297223797,90.0,90.0,119.9990000205373
0.937,3.002,123,0.156,7.465,2ClPt-1,1PbI2-1,1Pb13I26Cl42Pt42-1,16.51285879443094,16.513952004887983,26.02230801743834,90.0,90.0,119.99520016004816
1.194,6.313,125,0.457,5.588,1BN-1,1PbI2-1,1Pb13I26B43N43-1,16.4629795596971,16.4630044194488,21.79921927954821,90.0,90.0,119.99987178944204
0.972,13.898,139,0.014,6.1,1MoTe2-1,2CH-1,1Mo13Te26C50H50-1,12.67458081853781,12.674579704263808,24.30424536483273,90.0,90.0,119.9999387042504
0.809,13.898,139,0.028,6.102,1WTe2-1,2CH-1,1W13Te26C50H50-1,12.672833682324864,12.672831472665488,24.32290494218759,90.0,90.0,119.99989245437212
0.001,16.112,93,0.896,5.514,2C-1,1MoTe2-1,1Mo13Te26C54-1,12.784916305507831,12.785779909903294,21.6249451806597,90.0,90.0,119.9973365518714
0.0,16.101,93,0.885,5.513,2C-1,1WTe2-1,1W13Te26C54-1,12.780890106954491,12.781077736890078,21.643604758014565,90.0,90.0,119.9994474753902
0.0,11.387,113,0.116,5.388,2C-1,1MgI2-1,1Mg13I26C74-1,15.002970694406848,15.00297731923383,21.372758202788614,90.0,90.0,119.99982069315087
0.261,6.312,125,0.41,5.554,2C-1,1SnI2-1,1Sn13I26C86-1,16.176829287191346,16.176824750689462,21.750698441393176,90.0,90.0,119.99986051666669
0.831,4.303,160,0.83,5.998,1MoS2-1,2HSi-1,2Mo14H19Si19S28-1,16.808889958383592,16.808905918557016,24.86397043179143,90.0,90.0,119.99759140590557
1.431,4.313,160,0.909,7.454,1MoS2-1,2InS-2,2Mo14In19S47-1,16.81281658203108,16.81306846676686,26.298410226472093,90.0,90.0,119.99782492567084
1.147,4.305,160,0.732,7.48,1WS2-1,2InS-2,2W14In19S47-1,16.842944030202478,16.843034317150817,26.315005398042935,90.0,90.0,119.99963443842768
0.773,4.304,160,0.769,7.767,1WSe2-1,2InSe-1,2W14In19Se47-1,17.487325459648243,17.48734433885396,26.727673638982388,90.0,90.0,119.99967985286227
0.459,3.004,240,0.024,6.37,2HSi-1,1PbI2-1,2Pb14I28H39Si39-1,24.27795465729952,24.27795465924036,25.528672617940146,90.0,90.0,119.99999183254694
0.47,-0.009,123,0.94,6.433,1MoS2-1,1AsClTe-1,1As16Cl16Te16Mo25S50-1,15.778513719638616,15.778580882852092,24.302802842817677,90.0,90.0,119.9974900887833
1.032,16.093,126,0.871,5.093,1BN-1,1AsBrTe-1,1As16Br16Te16B39N39-1,15.692581715621872,15.692587381317276,21.325520303954647,90.0,90.0,119.99989686242053
1.139,23.413,140,0.596,7.922,2ClPt-1,2InS-1,2In16S16Cl19Pt19-1,15.640478989216245,15.641211064402405,27.384440680428106,90.0,90.0,119.99495917427313
1.122,23.412,140,0.59,7.921,2ClPt-1,2InS-2,2In16S16Cl19Pt19-2,15.660589032729902,15.660710208626803,27.386981870962725,90.0,90.0,119.99419061991513
0.0,16.104,142,0.842,4.585,2C-1,2HSi-1,2H16Si16C39-1,15.422858809747991,15.422932551426609,21.729453370645395,90.0,90.0,119.99952516627701
0.0,16.103,142,0.771,6.029,2C-1,2InS-1,2In16S16C39-1,15.429521619936457,15.429579317785103,23.161351974791433,90.0,90.0,119.99919920377522
0.0,16.104,142,0.933,6.033,2C-1,2InS-2,2In16S16C39-2,15.424677592510347,15.424776593583173,23.16389316532606,90.0,90.0,119.99977617883793
0.0,23.413,105,0.645,6.913,1MoTe2-1,1ZrSe2-1,1Zr16Mo19Se32Te38-1,15.223230104810078,15.223233808478025,24.798033161145533,90.0,90.0,119.99990447463205
0.0,23.413,105,0.69,6.917,1WTe2-1,1ZrSe2-1,1Zr16W19Se32Te38-1,15.229997107038818,15.229997313095174,24.816692738500393,90.0,90.0,119.99995075046382
1.279,30.002,129,0.4,7.046,1MoSe2-1,1GeI2-1,1Ge16Mo27I32Se54-1,17.10235901712431,17.102365409683852,24.864851601802393,90.0,90.0,120.0000026599243
1.322,23.415,74,0.838,5.371,1BN-1,2ClPt-1,1Cl18Pt18B19N19-1,10.896701038320813,10.896940425091103,22.22308873789013,90.0,90.0,119.9991251395476
1.936,23.413,74,0.192,5.808,1BN-1,2GaS-2,1Ga18S18B19N19-1,10.932290620296174,10.932299548363856,22.638827631824206,90.0,90.0,119.99966043412655
1.981,23.412,74,0.399,5.809,1BN-1,2GaS-1,1Ga18S18B19N19-2,10.924639171703655,10.924683167218133,22.651745228895642,90.0,90.0,119.99915925383708
0.003,12.521,120,0.701,6.903,1MoTe2-1,1AsClSe-1,1As19Cl19Se19Mo21Te42-1,16.17360301337162,16.17375889819621,24.721986667889695,90.0,90.0,119.9950201126222
0.278,12.52,120,0.753,6.944,1WTe2-1,1AsClSe-1,1As19Cl19Se19W21Te42-1,16.164832816285816,16.164830675717916,24.740646245244555,90.0,90.0,119.99985906190513
0.151,12.52,120,0.048,6.171,1PtSe2-1,1AsClTe-1,1As19Cl19Te19Pt21Se42-1,17.043338669214656,17.043338837487624,23.82163545829392,90.0,90.0,119.999928164323
1.199,6.578,138,0.725,6.469,1MoS2-1,1AsClSe-1,1As19Cl19Se19Mo27S54-1,16.404737390628437,16.40524060886378,24.23155861288295,90.0,90.0,119.99815147337729
0.126,6.574,138,0.933,6.453,1WS2-1,1AsClSe-1,1As19Cl19Se19W27S54-1,16.43908496362015,16.439118263300482,24.24815378445379,90.0,90.0,119.99944363461972
0.149,23.413,121,0.306,7.906,2InTe-1,1ClSbSe-1,1Cl19Sb19Se19In32Te32-1,17.41501819626684,17.41502928081314,26.811097246583543,90.0,90.0,119.99997898685493
0.789,0.12,174,0.894,5.8,1WO2-1,1ClSbSe-1,1Cl19Sb19Se19W39O78-1,17.6239016426514,17.623922767025167,23.739383973234524,90.0,90.0,119.99992719517891
0.0,6.584,153,0.264,4.969,2C-1,1AsClTe-1,1As19Cl19Te19C96-1,17.079970447262674,17.080012900260453,21.168285781671642,90.0,90.0,119.99961420465044
0.0,6.588,249,0.449,5.641,2CH-1,1ClSbSe-1,1Cl19Sb19Se19C96H96-1,17.545812600406215,17.546037073097114,23.941503196525268,90.0,90.0,119.99862785041199
0.333,23.413,121,0.321,7.997,2InTe-1,1AsBrTe-1,1As19Br19In32Te51-1,17.306644316013283,17.306644276373735,26.874414570439402,90.0,90.0,119.99996911538143
0.851,12.519,120,0.843,7.072,1MoSe2-1,1MoTe2-1,2Te19Mo20Se21-1,15.191256296855395,15.192547377979519,24.97291714426892,90.0,90.0,119.99366280971456
0.738,12.52,120,0.85,7.083,1WSe2-1,1WTe2-1,2Te19W20Se21-1,15.185997322858121,15.186008017943434,25.015445705844986,90.0,90.0,119.99988570288039
0.019,12.52,120,0.836,6.899,1MoTe2-1,1HfSe2-1,1Hf19Mo21Se38Te42-1,16.23157238625063,16.231667454057362,24.791015127539627,90.0,90.0,119.99166265663104
0.0,12.519,120,0.906,6.902,1WTe2-1,1HfSe2-1,1Hf19W21Se38Te42-1,16.21938651234623,16.220109461613834,24.809674704894487,90.0,90.0,119.9982271918636
0.971,12.522,120,0.927,7.086,1MoTe2-1,1WSe2-1,1Mo19W21Te38Se42-1,15.178779222994025,15.178812078350127,24.996786128490125,90.0,90.0,119.99359482835943
0.524,12.52,120,0.769,7.071,1MoSe2-1,1WTe2-1,1W19Mo21Te38Se42-1,15.198398966546707,15.198870663178921,24.99157672162378,90.0,90.0,119.99890073260039
1.388,6.593,105,0.86,7.596,1WS2-1,2InSe-1,1W19In24Se24S38-1,13.884628346234566,13.884651918312427,26.506944923868843,90.0,90.0,119.99996002974085
1.131,9.52,109,0.952,5.995,1WS2-1,2HSi-1,1W19H26Si26S38-1,13.886510304576698,13.886533337763279,24.88056560336227,90.0,90.0,119.99986335140031
1.461,9.52,109,0.987,7.454,1MoS2-1,2InS-1,1Mo19In26S64-1,13.87765625437734,13.878140760018988,26.29586903593747,90.0,90.0,119.99518195802806
1.162,9.518,109,0.961,7.76,1MoSe2-1,2InSe-1,1Mo19In26Se64-1,14.43677264311242,14.436786173092866,26.703804654761182,90.0,90.0,119.99969606989578
1.197,9.514,109,0.834,7.479,1WS2-1,2InS-1,1W19In26S64-1,13.899067704342068,13.899137538061831,26.312464207508313,90.0,90.0,119.999692527645
0.352,6.585,138,0.493,6.481,1WS2-1,1HfSe2-1,1Hf19W27Se38S54-1,16.44854258567143,16.448565068837013,24.31718224410372,90.0,90.0,119.9997823111245
0.811,6.59,138,0.405,7.354,1WTe2-1,1MgI2-1,1Mg19W27I38Te54-1,18.231628749499787,18.23192484696344,25.016362896296258,90.0,90.0,119.99894486518338
0.371,6.587,138,0.025,6.381,1PtSe2-1,1PbBr2-1,1Pb19Pt27Br38Se54-1,19.32970349243247,19.329703631106092,24.04406099882389,90.0,90.0,119.99996253926187
1.053,6.586,138,0.787,6.153,1MoS2-1,1PtSe2-1,1Pt19Mo27Se38S54-1,16.344413120687882,16.345832973860876,23.787866802275236,90.0,90.0,119.99538146876223
0.974,4.725,300,0.908,7.248,1MoTe2-1,1ZnI2-1,2Zn19Mo31I38Te62-1,25.324565259518288,26.49806026851983,24.89298861146495,90.0,90.0,99.51542380548334
0.809,4.705,300,0.902,7.256,1WTe2-1,1ZnI2-1,2Zn19W31I38Te62-1,25.321557795766555,26.496499471375575,24.91164818881981,90.0,90.0,99.5176955574267
0.874,23.413,121,0.361,7.877,1MoTe2-1,2GaSe-1,1Mo19Ga32Se32Te38-1,15.265836827042092,15.265843369676523,26.436207599662307,90.0,90.0,119.99992338491184
0.81,23.413,121,0.18,7.861,1MoTe2-1,2GaSe-2,1Mo19Ga32Se32Te38-2,15.293189135209381,15.293302990847721,26.40979730888575,90.0,90.0,119.99976577408819
0.551,23.413,121,0.39,7.874,1WTe2-1,2GaSe-1,1W19Ga32Se32Te38-1,15.270260068225712,15.270257144856684,26.454867177017164,90.0,90.0,119.9999621457261
0.488,23.413,121,0.194,7.858,1WTe2-1,2GaSe-2,1W19Ga32Se32Te38-2,15.29523366608052,15.29531506595702,26.428456886240614,90.0,90.0,119.99967477889395
1.032,23.413,121,0.188,7.295,1PtSe2-1,2InSe-1,1Pt19In32Se70-1,16.20194638332021,16.202120006711304,26.009182367774244,90.0,90.0,119.99901608472635
1.668,7.308,174,0.993,6.925,1MoS2-1,1CaI2-1,1Ca19I38Mo39S78-1,19.733793663946607,19.734135633202612,24.708402245027074,90.0,90.0,119.99917117787233
1.552,7.31,174,0.574,6.968,1MoS2-1,1SnI2-1,1Sn19I38Mo39S78-1,19.749631287972537,19.749862056822092,24.88521550253921,90.0,90.0,119.99917967944907
1.437,7.307,174,0.806,6.993,1WS2-1,1SnI2-1,1Sn19I38W39S78-1,19.795415595333814,19.795415474285146,24.901810674110052,90.0,90.0,119.99996538326249
0.424,12.519,141,0.335,8.411,2InTe-1,1PbI2-1,1Pb19I38In42Te42-1,19.92721071293403,19.927915100247006,27.34811354603297,90.0,90.0,119.99871796477687
1.478,0.117,177,0.939,6.742,1MoS2-1,1ZnI2-1,1Zn20Mo39I40S78-1,16.4823591540294,22.20052139536552,24.402560556458205,90.0,90.0,111.78861839362084
1.601,0.062,177,0.728,6.763,1WS2-1,1ZnI2-1,1Zn20W39I40S78-1,16.517674129121104,22.248379715067024,24.419155728029047,90.0,90.0,111.79006723205468
0.0,15.436,185,0.129,5.275,2C-1,1BrSbTe-1,1Br21Sb21Te21C122-1,19.264359607658257,19.264364030160024,21.522194591389713,90.0,90.0,119.99990302850938
1.351,3.005,115,0.33,7.587,1MoS2-1,2InSe-1,1Mo21In26Se26S42-1,14.529048184535267,14.529245685750277,26.490349752298002,90.0,90.0,119.9989697343627
0.917,3.003,271,0.263,5.71,2CH-1,1CdBr2-1,1Cd21Br42C104H104-1,18.29248020612511,18.292504356555952,23.86384857754387,90.0,90.0,119.9991203351179
2.657,7.753,217,0.922,5.325,1BN-1,1ZnI2-1,1Zn23I46B74N74-1,13.268609993623937,30.409974597897623,21.26804346305871,90.0,90.0,92.68522138026938
1.519,21.051,110,0.196,6.164,1BN-1,2InSe-1,1In24Se24B31N31-1,13.977904498055542,13.97790559725617,23.355832658898507,90.0,90.0,119.99998766986613
1.028,16.102,75,0.0,6.607,1MoS2-1,1MoSe2-1,1Se24Mo25S26-1,11.414961192833545,11.41496119284821,24.482489089262174,90.0,90.0,120.00000000043696
0.981,16.102,75,0.187,6.63,1WS2-1,1WSe2-1,1Se24W25S26-1,11.42706517454704,11.427266732033985,24.522953245054218,90.0,90.0,119.9979042664671
0.0,6.589,93,0.885,6.258,1WTe2-1,1WO2-1,1Te24W31O38-1,12.279723269969367,12.279740907064268,24.120785718896844,90.0,90.0,119.99985121845596
0.883,19.105,159,0.36,6.382,1PtSe2-1,1AsBrTe-1,1As25Br25Te25Pt28Se56-1,19.717307959690988,19.718146029261266,23.978870012830384,90.0,90.0,119.99745520449493
1.423,25.297,186,0.912,6.684,1WS2-1,1AsClTe-1,1As25Cl25Te25W37S74-1,19.362043203954016,19.362258413017223,24.31939801438852,90.0,90.0,119.99922513789792
0.015,19.107,159,0.069,6.556,1ZrSe2-1,1ClSbSe-1,1Cl25Sb25Zr28Se81-1,20.023378508456815,20.023390116336536,24.435290992838077,90.0,90.0,119.99998082839628
1.383,19.107,159,0.28,7.078,1MgI2-1,1PbBr2-1,1Pb25Mg28Br50I56-1,22.105451875942467,22.105461764701108,24.763469460483304,90.0,90.0,119.99998702146456
0.837,0.003,139,0.758,8.309,1MoTe2-1,2InTe-1,1Mo25In32Te82-1,17.491247169138965,17.492574470287945,27.173839414891003,90.0,90.0,119.99532092730189
0.513,0.043,139,0.777,8.311,1WTe2-1,2InTe-1,1W25In32Te82-1,17.496692775583387,17.49671513616064,27.192498992245863,90.0,90.0,119.99992415285628
1.61,-0.03,222,0.741,6.946,1WS2-1,1CaI2-1,1Ca25W49I50S98-1,22.248279106019353,22.248455850787987,24.724997416597915,90.0,90.0,119.99946806903009
0.77,0.605,223,0.953,7.12,2ClPt-1,1PbBr2-1,1Pb25Br50Cl74Pt74-1,21.955596756370213,21.956659931102642,25.61380002783828,90.0,90.0,119.99382254063991
2.287,4.95,114,0.287,4.568,1BN-1,2HSi-1,1H26Si26B31N31-1,13.980072786899722,13.980076549205776,21.729453338391934,90.0,90.0,119.99996053185224
1.37,4.95,114,0.245,6.085,1BN-1,2InS-1,1In26S26B31N31-1,13.98184292073901,13.981862644586414,23.161351942537976,90.0,90.0,119.99994158317723
1.357,4.948,114,0.375,6.086,1BN-1,2InS-2,1In26S26B31N31-2,13.982271581858516,13.98229374394725,23.163893133072598,90.0,90.0,119.99994712118689
0.796,0.729,159,0.864,6.96,1ZnI2-1,1PbBr2-1,1Zn26Pb27I52Br54-1,13.227216353368757,34.46379100074357,24.65875475300686,90.0,90.0,94.03280934107381
0.628,13.898,87,0.036,6.887,1MoS2-1,1MoTe2-1,1Te26Mo29S32-1,12.668263784714517,12.668279377868295,24.759462241805743,90.0,90.0,119.99995351429473
0.59,13.898,87,0.134,6.907,1WS2-1,1WTe2-1,1Te26W29S32-1,12.686196226109825,12.686206960747889,24.79471699073144,90.0,90.0,119.99997073625866
0.175,10.893,193,0.027,6.161,2HSi-1,1AsBrTe-1,1As27Br27Te27H56Si56-1,20.5705028837566,20.57050288210601,25.054973642346578,90.0,90.0,119.99999447785488
0.009,21.052,205,0.117,6.049,2HSi-1,1ClSbTe-1,1Cl27Sb27Te27H62Si62-1,21.675726836695766,21.675737040007004,25.062715338064336,90.0,90.0,119.99998442186472
1.273,10.893,220,0.207,6.96,2HSi-1,2GaSe-1,2H27Si27Ga28Se28-1,20.163785868210052,20.16380437193005,26.540715789647994,90.0,90.0,119.999969649962
1.21,10.894,220,0.027,6.949,2HSi-1,2GaSe-2,2H27Si27Ga28Se28-2,20.20000879622972,20.200076091209635,26.514305498871444,90.0,90.0,119.99947821439
1.288,21.052,232,0.113,6.837,2HSi-1,2GaS-2,2H27Si27Ga31S31-1,20.228080204694837,20.228175569940753,26.36828097021614,90.0,90.0,119.99964494431148
1.342,21.052,232,0.025,6.843,2HSi-1,2GaS-1,2H27Si27Ga31S31-2,20.2002552637845,20.20025511818877,26.381198567287576,90.0,90.0,120.00001400263847
0.277,21.052,174,0.26,6.56,1HfSe2-1,1ClSbSe-1,1Cl27Sb27Hf31Se89-1,20.877073894810593,20.877090903989536,24.428272959232167,90.0,90.0,119.9986187820895
0.142,21.051,174,0.365,6.262,1PtSe2-1,1ClSbSe-1,1Cl27Sb27Pt31Se89-1,20.747359736776954,20.748086303977768,23.915552688974522,90.0,90.0,119.99764400618452
0.82,21.052,232,0.097,9.01,2InTe-1,2InSe-1,2Te27Se31In58-1,22.53217663155272,22.53218160734656,28.904726925383265,90.0,90.0,119.99999268442853
1.201,4.715,192,0.138,6.513,1MoSe2-1,1CdCl2-1,1Cd27Mo37Cl54Se74-1,20.0548726467241,20.054931534406688,24.249109156361516,90.0,90.0,119.9963450504664
0.819,4.714,192,0.198,6.527,1WSe2-1,1CdCl2-1,1Cd27W37Cl54Se74-1,20.04282926957017,20.04285633619563,24.272978140582723,90.0,90.0,119.9954034444191
1.405,6.589,157,0.665,6.167,1MoSe2-1,2HSi-1,1Mo27H38Si38Se54-1,17.06210416273423,17.062186462163872,25.077425334254606,90.0,90.0,119.99963584313342
0.726,6.586,157,0.594,7.608,1MoSe2-1,2InS-1,1Mo27In38S38Se54-1,17.045252423907286,17.045301912209855,26.50932393840065,90.0,90.0,119.99986119839849
0.7,6.584,157,0.601,7.602,1MoSe2-1,2InS-2,1Mo27In38S38Se54-2,17.06897511505783,17.069028281295125,26.511865128935273,90.0,90.0,119.99975826449422
1.263,6.59,157,0.638,6.166,1WSe2-1,2HSi-1,1W27H38Si38Se54-1,17.05764789219189,17.05766026110626,25.101294318475816,90.0,90.0,119.99989399739911
0.376,6.586,157,0.578,7.631,1WSe2-1,2InS-1,1W27In38S38Se54-1,17.042349510802442,17.042421356411598,26.533192922621858,90.0,90.0,119.99960414701829
0.358,6.583,157,0.571,7.633,1WSe2-1,2InS-2,1W27In38S38Se54-2,17.064020935799505,17.064072116412042,26.53573411315648,90.0,90.0,119.99979148359117
0.28,10.893,193,0.15,8.05,2InTe-1,1PbBr2-1,1Pb27Br54In56Te56-1,23.002238560513597,23.00225396596411,26.939605556432912,90.0,90.0,119.99997785746396
0.505,11.516,213,0.417,6.724,1PtSe2-1,1PbI2-1,1Pb28Pt43I56Se86-1,24.372844987447674,24.37298107131145,24.45256898842395,90.0,90.0,119.99931074445145
0.171,30.0,24,0.299,7.838,2InTe-1,1AsClSe-1,2As2Cl2Se2In3Te3-1,7.495617701269556,7.495627401592186,26.645935785968213,90.0,90.0,119.99995713753846
1.303,30.0,10,0.118,6.446,1BN-1,2InTe-1,1In2Te2B3N3-1,4.345612527593034,4.345614709879968,23.54889426648476,90.0,90.0,120.00005252915054
1.249,29.999,24,0.762,6.894,1MoS2-1,2ClPt-1,2Mo2Cl3Pt3S4-1,6.286089575647253,6.286284092133509,25.35760583128963,90.0,90.0,119.99616017310184
0.572,30.0,24,0.222,8.057,1MoTe2-1,2InSe-1,2Mo2In3Se3Te4-1,7.01810374086165,7.018171351947638,26.98077780730475,90.0,90.0,119.99944675725186
1.113,29.999,24,0.92,6.9,1WS2-1,2ClPt-1,2W2Cl3Pt3S4-1,6.296400042649825,6.296416227157621,25.374201002860467,90.0,90.0,119.99704181864966
0.261,30.0,24,0.218,8.056,1WTe2-1,2InSe-1,2W2In3Se3Te4-1,7.017930440997034,7.01794238895273,26.99943738465961,90.0,90.0,119.99977968004497
1.596,30.0,24,0.317,7.257,1MoS2-1,2GaS-2,2Mo2Ga3S7-1,6.319519028466788,6.319515381642551,25.7733447252237,90.0,90.0,119.99867179396028
1.63,30.0,24,0.476,7.264,1MoS2-1,2GaS-1,2Mo2Ga3S7-2,6.311887728495457,6.311983794758504,25.786262322295137,90.0,90.0,119.99615270541508
1.372,30.0,24,0.03,7.556,1MoSe2-1,2GaSe-1,2Mo2Ga3Se7-1,6.588497488961222,6.588497516786223,26.159234447118738,90.0,90.0,119.99983028714337
1.326,30.0,24,0.187,7.54,1MoSe2-1,2GaSe-2,2Mo2Ga3Se7-2,6.597941603522964,6.597979897876248,26.132824156342185,90.0,90.0,119.99951987283741
1.522,30.0,24,0.491,7.281,1WS2-1,2GaS-2,2W2Ga3S7-1,6.330609348367868,6.330619022015946,25.789939896794543,90.0,90.0,119.9995796035471
1.576,30.0,24,0.651,7.288,1WS2-1,2GaS-1,2W2Ga3S7-2,6.322958921535722,6.32315413384353,25.80285749386598,90.0,90.0,119.99841037186296
1.045,30.0,24,0.009,7.56,1WSe2-1,2GaSe-1,2W2Ga3Se7-1,6.585954026751934,6.585961146550185,26.183103431339944,90.0,90.0,119.99996435464817
0.983,30.0,24,0.244,7.547,1WSe2-1,2GaSe-2,2W2Ga3Se7-2,6.59415547453079,6.594214377312463,26.15669314056339,90.0,90.0,119.9995829926838
0.26,13.895,38,0.767,5.481,2C-1,1CaI2-1,2Ca2I4C13-1,8.896988246820714,8.897004609700444,21.573885183881035,90.0,90.0,119.99982958984523
0.0,13.898,38,0.261,5.207,2C-1,1PbBr2-1,2Pb2Br4C13-1,8.889998047713858,8.89000319211486,21.39071132220161,90.0,90.0,119.99989737605544
0.092,13.897,64,0.313,6.158,2CH-1,1PbI2-1,2Pb2I4C13H13-1,9.145236781512788,9.145247362308472,24.4785194959747,90.0,90.0,119.99915961266396
0.001,19.107,26,0.753,5.193,2C-1,1MoSe2-1,2Mo2Se4C7-1,6.540678987332496,6.540717388404233,21.347972028116132,90.0,90.0,119.99933123841798
0.001,19.107,26,0.676,5.19,2C-1,1WSe2-1,2W2Se4C7-1,6.540770917407292,6.5408095745995265,21.37184101233734,90.0,90.0,119.99923613941408
0.0,10.892,23,0.707,4.976,2C-1,1AsClSe-1,1As3Cl3Se3C14-1,6.51767895671576,6.517722622485865,21.097041551736908,90.0,90.0,119.99956312065439
0.0,30.001,21,0.822,6.974,1MoTe2-1,1ClSbSe-1,1Cl3Sb3Se3Mo4Te8-1,6.997341697303475,6.997738527849492,24.887148128505025,90.0,90.0,119.99606435631759
0.0,30.001,21,0.842,6.942,1WTe2-1,1ClSbSe-1,1Cl3Sb3Se3W4Te8-1,6.999409081876799,6.999412028331608,24.905807705859885,90.0,90.0,120.00001293488661
0.738,29.997,25,0.915,7.181,2ClPt-1,1BrSbTe-1,1Br3Sb3Te3Cl8Pt8-1,7.223834670164206,7.224397412980957,25.745283297026383,90.0,90.0,119.99519295164997
0.0,10.892,26,0.771,5.939,2C-1,2GaSe-1,2Ga3Se3C7-1,6.535682175583378,6.53570730554046,22.81126248350952,90.0,90.0,119.99940918419468
0.334,10.893,40,0.267,6.631,2CH-1,2InS-1,2In3S3C7H7-1,6.715207025046952,6.715313486359282,25.840652158964463,90.0,90.0,119.99875145069667
0.324,10.893,40,0.397,6.627,2CH-1,2InS-2,2In3S3C7H7-2,6.715315823261711,6.7154939501690745,25.843193349499085,90.0,90.0,119.99883949965708
0.492,29.998,25,0.312,6.964,2ClPt-1,1ClSbTe-1,1Sb3Te3Pt8Cl11-1,7.211154313648572,7.211718830122823,25.556350737562532,90.0,90.0,119.99544548848486
0.259,30.0,21,0.752,6.643,1MoSe2-1,1HfSe2-1,1Hf3Mo4Se14-1,6.552697065756156,6.552730145748539,24.514041974996058,90.0,90.0,119.99872784716241
0.0,30.0,21,0.744,6.65,1WSe2-1,1HfSe2-1,1Hf3W4Se14-1,6.552109079455844,6.55216268165697,24.537910959217264,90.0,90.0,119.99813818623574
0.173,30.0,21,0.365,6.619,1MoSe2-1,1ZrSe2-1,1Zr3Mo4Se14-1,6.573432272242707,6.573453626841678,24.521060008601964,90.0,90.0,119.99920063299811
0.0,30.0,21,0.335,6.629,1WSe2-1,1ZrSe2-1,1Zr3W4Se14-1,6.571471796414099,6.571500620605264,24.544928992823174,90.0,90.0,119.99903165907436
0.836,30.001,21,0.931,7.058,1MoTe2-1,1CdBr2-1,1Cd3Mo4Br6Te8-1,6.995533916656825,6.996123695868393,24.809493509523627,90.0,90.0,119.99468491019508
0.5,30.002,21,0.952,7.06,1WTe2-1,1CdBr2-1,1Cd3W4Br6Te8-1,6.997942168555348,6.997942541381514,24.828153086878487,90.0,90.0,119.99992630855536
0.08,30.0,21,0.686,6.041,1MoSe2-1,1WO2-1,1Mo3W4Se6O8-1,5.668229627823383,5.6682413532005835,23.825152988998415,90.0,90.0,119.99995500751706
1.041,30.0,21,0.876,6.16,1WS2-1,1PtSe2-1,1Pt3W4Se6S8-1,6.388272314756467,6.388338859839178,23.804461973846077,90.0,90.0,119.99808490936573
0.0,10.893,23,0.259,5.074,2C-1,1HfSe2-1,1Hf3Se6C14-1,6.520759158317213,6.520784764869316,21.166070011386843,90.0,90.0,119.99974621248172
0.001,10.895,23,0.931,4.773,2C-1,1PtSe2-1,1Pt3Se6C14-1,6.504655613406945,6.504689151053636,20.653349741129198,90.0,90.0,119.99958062161589
0.0,10.893,23,0.308,5.075,2C-1,1ZrSe2-1,1Zr3Se6C14-1,6.529460145388871,6.529474135128292,21.17308804499275,90.0,90.0,119.99964090513262
0.638,10.893,37,0.164,5.473,2CH-1,1CdCl2-1,1Cd3Cl6C14H14-1,6.704894323612197,6.704973408156623,23.580437376925328,90.0,90.0,119.998827917618
1.853,10.893,23,0.708,4.834,1BN-1,1CdCl2-1,1Cd3Cl6B7N7-1,6.646766595276819,6.646840009484842,20.90113716049884,90.0,90.0,119.99430171187718
0.0,30.0,17,0.414,4.332,2C-1,1WO2-1,1W3O6C8-1,4.915596905266777,4.915618603301836,20.4771810253892,90.0,90.0,119.9993608327809
1.249,30.0,25,0.232,6.531,2HSi-1,1SnI2-1,1Sn3I6H8Si8-1,7.785015195862254,7.785059834582228,25.48015174753165,90.0,90.0,119.99948772914043
0.85,19.107,33,0.393,6.697,1MoS2-1,1BrSbTe-1,1Br4Sb4Te4Mo7S14-1,8.38544306810451,8.385518439138265,24.656711652535755,90.0,90.0,119.99909567423414
0.505,19.107,33,0.188,6.713,1WS2-1,1BrSbTe-1,1Br4Sb4Te4W7S14-1,8.402730502226252,8.40273093568485,24.673306824106596,90.0,90.0,119.99993951088723
1.166,19.107,33,0.221,6.727,1MoS2-1,1ClSbTe-1,1Cl4Sb4Te4Mo7S14-1,8.370871550234959,8.370899174995358,24.467779093071897,90.0,90.0,119.99719482574938
0.237,19.107,33,0.431,6.503,1WS2-1,1ClSbTe-1,1Cl4Sb4Te4W7S14-1,8.38871064078258,8.38872759798567,24.48437426464274,90.0,90.0,119.99993501194635
1.35,0.0,30,0.623,5.061,1BN-1,1AsClSe-1,1As4Cl4Se4B9N9-1,7.5197913997022265,7.519790831030954,21.09704151948345,90.0,90.0,119.99998269219557
1.317,19.106,26,0.533,5.125,1BN-1,1MoSe2-1,1Mo4B7N7Se8-1,6.625451511010123,6.625448798431068,21.347971995862675,90.0,90.0,119.9999869060284
1.262,19.106,26,0.568,5.157,1BN-1,1WSe2-1,1W4B7N7Se8-1,6.622718867630971,6.622726050623101,21.37184098008388,90.0,90.0,119.99992875737142
1.658,19.107,33,0.427,6.842,1MoS2-1,1MgI2-1,1Mg4Mo7I8S14-1,8.367136697274024,8.367200149735208,24.507275263934652,90.0,90.0,119.99905688263219
1.642,19.107,33,0.648,6.86,1WS2-1,1MgI2-1,1Mg4W7I8S14-1,8.385453931430602,8.385532669970738,24.52387043550549,90.0,90.0,119.99870512310096
3.012,13.9,38,0.841,5.569,1BN-1,1CaI2-1,1Ca4I8B13N13-1,9.041072849032126,9.041090516465724,21.57388515162758,90.0,90.0,119.99978116140178
1.879,13.898,38,0.384,5.594,1BN-1,1SnI2-1,1Sn4I8B13N13-1,9.044839901999227,9.044838902600528,21.750698409139716,90.0,90.0,120.00001162282851
0.307,0.001,30,0.188,5.079,1BN-1,1HfSe2-1,1Hf4Se8B9N9-1,7.5243083801677235,7.524308713453845,21.166069979133383,90.0,90.0,119.99998858666662
1.17,0.0,30,0.836,4.787,1BN-1,1PtSe2-1,1Pt4Se8B9N9-1,7.5036846773595665,7.503851128806207,20.653349708875737,90.0,90.0,119.99912475770965
0.142,0.0,30,0.36,5.078,1BN-1,1ZrSe2-1,1Zr4Se8B9N9-1,7.535641690409491,7.535641631453119,21.173088012739292,90.0,90.0,119.9999607623504
1.367,23.528,153,0.989,6.924,1MoSe2-1,1ZnI2-1,3Zn6Mo11I12Se22-1,15.098951851099853,20.59490061738728,24.61601545892138,90.0,90.0,92.97576314038669
1.19,16.102,88,0.643,6.125,2HSi-1,1CdBr2-1,2Cd6Br12H13Si13-1,13.952883116294496,13.952878980625231,24.914001699509313,90.0,90.0,119.99829989356314
0.524,6.587,112,0.442,5.585,1MoS2-1,2CH-1,2Mo6S12C19H19-1,11.015059431856878,11.015418954539285,23.813817309825986,90.0,90.0,119.99800869859472
0.872,6.587,112,0.281,5.578,1WS2-1,2CH-1,2W6S12C19H19-1,11.026616285559165,11.027030904510676,23.830412481396827,90.0,90.0,119.99819465898511
0.259,21.054,98,0.856,5.101,2C-1,1CdBr2-1,2Cd6Br12C31-1,13.745347100379064,13.74541578359102,21.18454839337084,90.0,90.0,119.9996787353649
1.211,16.1,88,0.251,6.932,2ClPt-1,1AsClSe-1,2As6Se6Pt13Cl19-1,12.974831523229433,12.975896494294663,25.320130257373577,90.0,90.0,119.99476874047251
0.0,16.102,88,0.55,6.063,2HSi-1,1ClSbSe-1,2Cl6Sb6Se6H13Si13-1,13.958276727383238,13.958293312122358,24.99165631849072,90.0,90.0,119.99907189217993
0.257,21.052,98,0.137,5.33,2C-1,1AsBrTe-1,2As6Br6Te6C31-1,13.728606888014971,13.728613761851308,21.325520336208104,90.0,90.0,119.99997072112339
0.055,21.06,98,0.962,5.123,2C-1,1ClSbSe-1,2Cl6Sb6Se6C31-1,13.74831032678437,13.748401533361463,21.26220301235224,90.0,90.0,119.99952266748396
1.715,10.893,26,0.635,5.907,1BN-1,2GaSe-1,1Ga6Se6B7N7-1,6.628295787155685,6.628306610866089,22.811262451256063,90.0,90.0,119.99993302050522
1.631,10.893,26,0.355,5.901,1BN-1,2GaSe-2,1Ga6Se6B7N7-2,6.63368536822258,6.633692426114433,22.78485216047951,90.0,90.0,119.99982243577307
0.0,30.0,21,0.611,6.043,1WSe2-1,1WO2-1,1Se6W7O8-1,5.6682006941292755,5.668207132950719,23.849021973219624,90.0,90.0,119.9999688592543
0.83,10.892,57,0.975,7.072,1WSe2-1,1GeI2-1,1Ge7W12I14Se24-1,11.376693840003774,11.376707032696435,24.888720586023595,90.0,90.0,119.99989865456729
0.01,10.893,57,0.245,7.485,1MoTe2-1,1PbI2-1,1Pb7Mo12I14Te24-1,12.165281246806376,12.165528039009374,25.42416442795446,90.0,90.0,119.99873095182765
0.018,10.893,57,0.231,7.492,1WTe2-1,1PbI2-1,1Pb7W12I14Te24-1,12.163939264835486,12.16398057999242,25.44282400530932,90.0,90.0,119.99963245074497
1.374,5.209,60,0.139,7.113,1MoSe2-1,1CaI2-1,1Ca7Mo13I14Se26-1,11.877211690684511,11.877208730488732,24.921857147490254,90.0,90.0,119.99993884701375
1.277,5.209,60,0.079,7.133,1WSe2-1,1CaI2-1,1Ca7W13I14Se26-1,11.869962980840622,11.869994149785251,24.94572613171146,90.0,90.0,119.99887710586852
0.0,5.21,60,0.985,6.833,1WSe2-1,1PbBr2-1,1Pb7W13Br14Se26-1,11.844989798884125,11.845006856762616,24.762552270032035,90.0,90.0,119.99997124445774
1.245,5.209,60,0.266,7.149,1MoSe2-1,1SnI2-1,1Sn7Mo13I14Se26-1,11.887801853587087,11.88835667357056,25.098670405002395,90.0,90.0,119.99797370362512
0.883,5.209,60,0.331,7.172,1WSe2-1,1SnI2-1,1Sn7W13I14Se26-1,11.8800194496196,11.880019169873062,25.122539389223597,90.0,90.0,119.9999691350594
0.257,19.106,57,0.371,6.203,2HSi-1,1PbBr2-1,1Pb7Br14H18Si18-1,11.686172825287771,11.686255058559523,25.12016462834009,90.0,90.0,119.99932782361587
3.204,4.301,59,0.676,5.344,1BN-1,1MgI2-1,1Mg7I14B19N19-1,10.947275516098118,10.947272231781321,21.372758170535153,90.0,90.0,119.99935964448503
0.939,10.893,69,0.465,5.767,1MoSe2-1,2CH-1,1Mo7Se14C24H24-1,8.75817119423591,8.758473575856037,24.027272212289162,90.0,90.0,119.9971298359563
1.247,10.893,69,0.491,5.769,1WSe2-1,2CH-1,1W7Se14C24H24-1,8.753720256379882,8.754066749051187,24.051141196510372,90.0,90.0,119.99677066158
0.238,4.305,66,0.42,6.184,2C-1,2InSe-1,2In7Se7C19-1,10.741547488886752,10.741590095558598,23.355832691151967,90.0,90.0,119.99980064112597
1.35,4.298,59,0.885,5.343,1BN-1,1ClSbTe-1,1Cl7Sb7Te7B19N19-1,10.951602985045625,10.951599583581665,21.333261999672402,90.0,90.0,119.99998387399197
0.335,19.107,48,0.173,6.427,1PtSe2-1,1BrSbTe-1,1Br7Sb7Te7Pt9Se18-1,11.155881371069622,11.155885818356683,24.175544268011997,90.0,90.0,119.99992065903216
0.073,19.105,48,0.746,6.236,1PtSe2-1,1ClSbTe-1,1Cl7Sb7Te7Pt9Se18-1,11.131838217630618,11.131855208196397,23.98661170854814,90.0,90.0,119.99971654447734
0.0,19.107,48,0.454,7.06,1MoTe2-1,1AsBrTe-1,1As7Br7Mo9Te25-1,10.51813778179271,10.518375780845604,24.95046545236089,90.0,90.0,119.99805546601328
0.0,19.106,48,0.457,7.069,1WTe2-1,1AsBrTe-1,1As7Br7W9Te25-1,10.5188613078775,10.518858801916517,24.969125029715748,90.0,90.0,119.99992139522796
0.891,19.107,48,0.003,6.642,1MoSe2-1,1AsClSe-1,1As7Cl7Mo9Se25-1,9.885921551594608,9.885921552473924,24.445013515346126,90.0,90.0,120.00001362440287
0.53,19.107,48,0.059,6.649,1WSe2-1,1AsClSe-1,1As7Cl7W9Se25-1,9.880448803679698,9.880454472496755,24.468882499567336,90.0,90.0,119.99991957894265
1.236,19.105,64,0.697,8.064,2ClPt-1,2InSe-1,2In7Se7Cl9Pt9-1,10.7699814136459,10.770735614327808,27.578921396788637,90.0,90.0,119.99637952734912
1.085,19.107,37,0.294,8.007,1MoSe2-1,2InTe-1,1Mo7In8Te8Se14-1,8.706545766967484,8.706542137603426,26.896866262347434,90.0,90.0,120.00003125624967
0.982,19.107,37,0.252,8.019,1WSe2-1,2InTe-1,1W7In8Te8Se14-1,8.702640899642956,8.70265135100012,26.92073524656864,90.0,90.0,119.99805988808201
0.447,19.106,48,0.615,5.82,1WS2-1,1WO2-1,2S7W8O9-1,8.450193913615468,8.450191228679516,23.62829325810608,90.0,90.0,119.99992968005726
0.719,19.105,48,0.81,5.819,1MoS2-1,1WO2-1,1Mo7W9S14O18-1,8.443329941587375,8.443613001110222,23.611698086535238,90.0,90.0,119.99605637055146
0.965,19.107,48,0.208,6.316,1MoSe2-1,1PtSe2-1,1Pt7Mo9Se32-1,9.865133904959382,9.865133482096008,24.001321704738412,90.0,90.0,119.99997994213756
0.686,19.107,48,0.17,6.328,1WSe2-1,1PtSe2-1,1Pt7W9Se32-1,9.861387935420991,9.86138979790425,24.025190688959622,90.0,90.0,119.99983810029977
0.588,19.107,39,0.343,4.287,1BN-1,1WO2-1,1W7B9N9O14-1,7.5034254911958245,7.5034452213039975,20.47718099313574,90.0,90.0,119.99916109768876
0.845,13.897,100,0.798,7.061,1MoSe2-1,2ClPt-1,2Mo8Cl13Pt13Se16-1,13.0753627301767,13.075913146533596,25.571060733752805,90.0,90.0,119.99851295726461
1.273,13.898,100,0.288,7.429,1MoSe2-1,2GaS-2,2Mo8Ga13S13Se16-1,13.151638637587405,13.151662145237719,25.986799627686878,90.0,90.0,119.99938135143087
1.335,13.898,100,0.433,7.438,1MoSe2-1,2GaS-1,2Mo8Ga13S13Se16-2,13.133885131087343,13.134280344954535,25.999717224758314,90.0,90.0,119.99880555357254
0.983,13.898,100,0.139,6.488,1MoTe2-1,2HSi-1,2Mo8H13Si13Te16-1,14.039752561172266,14.039753902651212,25.354398486798175,90.0,90.0,119.99986675998952
0.382,13.898,100,0.153,7.914,1MoTe2-1,2InS-1,2Mo8In13S13Te16-1,14.037685314766803,14.037683709756871,26.78629709094422,90.0,90.0,119.99998708954186
0.365,13.898,100,0.087,7.912,1MoTe2-1,2InS-2,2Mo8In13S13Te16-2,14.047018596864987,14.047034840216922,26.788838281478842,90.0,90.0,119.99993788842008
0.493,13.897,100,0.718,7.068,1WSe2-1,2ClPt-1,2W8Cl13Pt13Se16-1,13.075994904240748,13.07649284333244,25.59492971797401,90.0,90.0,119.99802455328296
0.918,13.898,100,0.257,7.449,1WSe2-1,2GaS-2,2W8Ga13S13Se16-1,13.147551803800129,13.147573996428306,26.010668611908088,90.0,90.0,119.99932219217298
0.971,13.898,100,0.411,7.455,1WSe2-1,2GaS-1,2W8Ga13S13Se16-2,13.13104402744574,13.131386702709735,26.023586208979523,90.0,90.0,119.99886016645372
0.819,13.898,100,0.157,6.487,1WTe2-1,2HSi-1,2W8H13Si13Te16-1,14.04220932002845,14.042228304161217,25.373058064153035,90.0,90.0,119.99990437737527
0.063,13.898,100,0.14,7.923,1WTe2-1,2InS-1,2W8In13S13Te16-1,14.035749795263603,14.035749688300324,26.80495666829908,90.0,90.0,119.99993195242747
0.044,13.898,100,0.073,7.922,1WTe2-1,2InS-2,2W8In13S13Te16-2,14.045079134324167,14.045091554979468,26.8074978588337,90.0,90.0,119.99995543016021
1.406,23.413,124,0.322,6.431,2HSi-1,1GeI2-1,2Ge8I16H19Si19-1,16.979366748966672,16.979743139195396,25.246332944331648,90.0,90.0,119.99927462327126
0.0,16.103,126,0.331,4.867,2C-1,1CdCl2-1,2Cd8Cl16C39-1,15.408029405975896,15.408534801956165,20.9011371927523,90.0,90.0,119.99846201756637
0.165,13.898,100,0.056,7.817,2InTe-1,1AsClTe-1,2As8Cl8In13Te21-1,15.64123475960463,15.641234762132225,26.71718001590294,90.0,90.0,119.99999352839167
1.166,23.413,124,0.334,7.142,2ClPt-1,1AsClTe-1,2As8Te8Pt19Cl27-1,15.68304380525741,15.683649725757975,25.391374487308312,90.0,90.0,119.99474964311842
0.93,23.407,124,0.608,7.176,2ClPt-1,1AsBrTe-1,2As8Br8Te8Cl19Pt19-1,15.73485330316595,15.734897665484562,25.548609041844774,90.0,90.0,119.9940376799884
0.055,23.413,124,0.397,6.249,2HSi-1,1BrSbTe-1,2Br8Sb8Te8H19Si19-1,16.903456213365015,16.903468983852708,25.251647897528194,90.0,90.0,119.99874096927971
1.343,13.9,66,0.767,6.739,1MoSe2-1,1CdBr2-1,1Cd9Mo13Br18Se26-1,11.914518147320312,11.914531744308011,24.532520356980058,90.0,90.0,119.99997180872984
1.077,13.9,66,0.846,6.754,1WSe2-1,1CdBr2-1,1Cd9W13Br18Se26-1,11.904931300232759,11.904942822037022,24.556389341201267,90.0,90.0,119.99996950624744
1.568,13.902,66,0.998,6.357,1WS2-1,1CdCl2-1,1Cd9W13Cl18S26-1,11.478442096970765,11.48110762107121,24.052249425469178,90.0,90.0,119.98986509171873
0.955,13.895,66,0.59,7.366,1MoTe2-1,1GeI2-1,1Ge9Mo13I18Te26-1,12.700298575813823,12.700775752855838,25.14182475434596,90.0,90.0,119.99776106649338
0.632,13.897,66,0.631,7.376,1WTe2-1,1GeI2-1,1Ge9W13I18Te26-1,12.6950184762525,12.695038238466054,25.160484331700815,90.0,90.0,119.99993246814992
0.391,13.895,66,0.825,6.484,1MoS2-1,1HfSe2-1,1Hf9Mo13Se18S26-1,11.35713101059821,11.357422108742938,24.300587072532878,90.0,90.0,119.99633801296447
1.004,13.891,66,0.982,7.355,1MoTe2-1,1MgI2-1,1Mg9Mo13I18Te26-1,12.619384355475631,12.61939857734345,24.997703318941397,90.0,90.0,119.99638705324999
0.239,13.899,66,0.399,6.467,1MoS2-1,1ZrSe2-1,1Zr9Mo13Se18S26-1,11.38897410837162,11.38910821868715,24.307605106138787,90.0,90.0,119.99709688966368
0.261,13.897,66,0.579,6.473,1WS2-1,1ZrSe2-1,1Zr9W13Se18S26-1,11.409912751913774,11.409920078290105,24.32420027770963,90.0,90.0,119.99997823523802
1.478,-0.007,75,0.714,6.864,1MoS2-1,1GeI2-1,1Ge9Mo16I18S32-1,12.68427173212965,12.68453457543927,24.65139669933921,90.0,90.0,119.99930780011766
1.613,0.0,75,0.504,6.89,1WS2-1,1GeI2-1,1Ge9W16I18S32-1,12.711187541850592,12.711193632102448,24.66799187091005,90.0,90.0,120.00000479950859
0.307,0.008,75,0.722,6.824,1MoSe2-1,1PbBr2-1,1Pb9Mo16Br18Se32-1,13.204132624285688,13.204183715904449,24.738683285810826,90.0,90.0,119.99981932097252
1.029,23.413,84,0.236,6.983,1MoS2-1,1PbI2-1,1Pb9I18Mo19S38-1,13.793231468271424,13.793363113885015,24.933736372947713,90.0,90.0,119.99936384533785
0.717,23.416,84,0.461,7.008,1WS2-1,1PbI2-1,1Pb9I18W19S38-1,13.824306971606841,13.824309074054396,24.950331544518548,90.0,90.0,119.99991849551961
0.91,19.106,83,0.149,5.276,1BN-1,1PbBr2-1,1Pb9Br18B28N28-1,13.280509339956403,13.280800341718141,21.390711289948154,90.0,90.0,119.99895775891153
0.0,8.949,89,0.2,5.574,2C-1,1PbI2-1,1Pb9I18C62-1,13.733418868801063,13.733430784171931,21.79921931180167,90.0,90.0,119.99994218681832
0.0,13.898,66,0.244,7.154,1MoTe2-1,1BrSbTe-1,1Br9Sb9Mo13Te35-1,12.658146981893037,12.658455791744352,25.1471397075425,90.0,90.0,119.9991481747958
0.0,13.898,66,0.235,7.161,1WTe2-1,1BrSbTe-1,1Br9Sb9W13Te35-1,12.657210311395383,12.657233550271997,25.16579928489736,90.0,90.0,119.99867393389079
0.065,13.895,66,0.844,6.683,1MoSe2-1,1ClSbSe-1,1Cl9Sb9Mo13Se35-1,11.920670114722617,11.920678673974518,24.610174975961456,90.0,90.0,119.99995971728023
0.0,13.898,66,0.774,6.95,1MoTe2-1,1ClSbTe-1,1Cl9Sb9Mo13Te35-1,12.624895548173283,12.625200194819609,24.95820714807865,90.0,90.0,119.99532608197599
0.38,13.895,66,0.926,6.7,1WSe2-1,1ClSbSe-1,1Cl9Sb9W13Se35-1,11.910755335856942,11.910771384427704,24.634043960182666,90.0,90.0,119.99996747221287
0.136,13.899,66,0.787,7.222,1WTe2-1,1ClSbTe-1,1Cl9Sb9W13Te35-1,12.627593466410836,12.62759944478551,24.976866725433503,90.0,90.0,119.99998345266397
0.238,23.415,74,0.394,5.433,2C-1,2ClPt-1,2Cl9Pt9C19-1,10.765194808874506,10.765415014024251,22.22308877014359,90.0,90.0,119.99881163378143
0.247,23.413,74,0.963,5.797,2C-1,2GaS-1,2Ga9S9C19-1,10.776459311047894,10.776596188650498,22.651745261149102,90.0,90.0,119.99928679303432
0.25,19.107,92,0.19,6.453,2C-1,2InTe-1,2In9Te9C28-1,13.046058110304955,13.046134640351607,23.548894298738215,90.0,90.0,119.99959577924821
1.194,13.898,66,0.034,6.886,1MoSe2-1,1AsBrTe-1,1As9Br9Te9Mo13Se26-1,11.877089600146506,11.877089635172542,24.673492299817323,90.0,90.0,119.99989371823985
0.852,13.898,66,0.005,6.9,1WSe2-1,1AsBrTe-1,1As9Br9Te9W13Se26-1,11.872537934340073,11.872537932852394,24.69736128403853,90.0,90.0,120.00001903278813
0.0,13.896,66,0.934,6.595,1MoSe2-1,1AsClTe-1,1As9Cl9Te9Mo13Se26-1,11.833687107369743,11.833686793533525,24.516257745280853,90.0,90.0,119.99994205985874
0.76,13.896,66,0.91,6.867,1WSe2-1,1AsClTe-1,1As9Cl9Te9W13Se26-1,11.830850852623009,11.830855381321246,24.540126729502063,90.0,90.0,119.99992963408774
1.107,0.053,77,0.562,5.343,1BN-1,1BrSbTe-1,1Br9Sb9Te9B25N25-1,12.556767086145108,12.556766337562042,21.522194559136256,90.0,90.0,120.00002531475272
1.087,60.0,21,0.342,5.478,2HSi-1,1CdCl2-1,3CdCl2H2Si2-1,6.715787022881429,6.716482413762285,24.630590498890776,90.0,90.0,119.99334332745106
0.001,30.0,9,0.278,5.467,2C-1,1GeI2-1,1GeI2C6-1,4.27040618264658,4.270418103324265,21.516879638193174,90.0,90.0,119.99994374936257
0.0,29.998,15,0.834,5.868,2CH-1,1PbBr2-1,1PbBr2C6H6-1,4.396366454836546,4.396436943485156,24.070011506374637,90.0,90.0,119.99807642966744
0.251,0.0,4,0.958,3.584,1BN-1,2C-1,1BNC2-1,2.4853574677453,2.485426695865856,18.00000003225346,90.0,90.0,119.99905131477033
3.354,0.0,6,0.624,4.14,1BN-1,2CH-1,1BNC2H2-1,2.5194514894243834,2.51956285115928,20.679300216426487,90.0,90.0,119.99516998175382
1.365,60.0,18,0.559,7.506,1CaI2-1,1PbBr2-1,3CaPbBr2I2-1,7.7217506322906555,7.721778233275671,24.96459644157573,90.0,90.0,119.99988820519498
1.267,0.0,6,0.137,6.759,1MoS2-1,1WS2-1,1MoWS4-1,3.170261562010023,3.1702886785249156,24.28562935836983,90.0,90.0,119.99961164860683
1.017,0.0,6,0.039,7.101,1MoSe2-1,1WSe2-1,1MoWSe4-1,3.29391159974963,3.293927956713642,24.719812975946557,90.0,90.0,119.99983647989345
0.643,0.0,6,0.014,7.756,1MoTe2-1,1WTe2-1,1MoWTe4-1,3.5142947942154903,3.5143009743241,25.26854987416735,90.0,90.0,119.99993062312795
0.785,60.0,16,0.015,6.588,2HSi-1,2InS-1,4HInSSi-1,3.8879490729328543,6.734114371024508,26.89080528092991,90.0,90.0,90.00032661837253
0.755,0.0,16,0.052,6.627,2HSi-1,2InS-2,4HInSSi-2,3.8905437088945436,6.738615516101046,26.89334647146453,90.0,90.0,90.0002517859917
1.345,0.0,21,0.281,5.86,2HSi-1,1AsClTe-1,3AsClTeH2Si2-1,6.750059757483335,6.750059833526013,24.897739087810116,90.0,90.0,119.99998912286857
0.225,0.0,18,0.288,5.845,1PtSe2-1,1AsClSe-1,3AsClPtSe3-1,6.453467621326859,6.453475740245385,23.75039122835919,90.0,90.0,119.99923853745659
